model,family,xgb_best_cost,xgb_best_auc,xgb_best_f1,mlp_best_cost,mlp_best_auc,mlp_best_f1,mlp_minus_xgb_auc,xgb_best_feature_set,mlp_best_feature_set
qwen2_5_vl_7b,visual_risk_raw,tbar,0.8953038005325586,0.9067524115755627,tbar,0.8967562333575406,0.8954248366013072,0.0014524328249819751,risk_relative_vll_cost_tbar,risk_relative_vll_cost_tbar
qwen2_5_vl_7b,visual_risk_cap085,geo,0.8976034858387799,0.9050632911392406,geo,0.9105543451948681,0.8888888888888888,0.012950859356088196,risk_relative_vll_cost_geo_capped_topmass_085,risk_relative_vll_cost_geo_capped_topmass_085
qwen2_5_vl_7b,vp_risk_raw,geo,0.9264100702009199,0.9215686274509803,geo,0.8865892035826677,0.9009584664536742,-0.03982086661825224,risk_visual_prompt_relative_vll_cost_geo,risk_visual_prompt_relative_vll_cost_geo
qwen2_5_vl_7b,vp_risk_cap085,tbar,0.9236262406197047,0.9171974522292994,tbar,0.8893730331638828,0.9049180327868852,-0.03425320745582183,risk_visual_prompt_relative_vll_cost_tbar_capped_topmass_085,risk_visual_prompt_relative_vll_cost_tbar_capped_topmass_085
qwen2_5_vl_7b,visual_combo_raw,tbar,0.938876785282014,0.939297124600639,tbar,0.9323408375695957,0.9137380191693291,-0.006535947712418277,risk_relative_vll_cost_tbar+target_visual_hidden_cosine_relative_vll,risk_relative_vll_cost_tbar+target_visual_hidden_cosine_relative_vll
qwen2_5_vl_7b,visual_combo_cap085,geo,0.9253207455821835,0.926984126984127,tbar,0.9260469619946744,0.9125,0.000726216412490932,risk_relative_vll_cost_geo_capped_topmass_085+target_visual_hidden_cosine_relative_vll_capped_topmass_085,risk_relative_vll_cost_tbar_capped_topmass_085+target_visual_hidden_cosine_relative_vll_capped_topmass_085
qwen2_5_vl_7b,vp_combo_raw,tbar,0.9462599854756718,0.9333333333333333,sbar,0.9400871459694989,0.9141104294478528,-0.006172839506172867,risk_visual_prompt_relative_vll_cost_tbar+target_visual_prompt_hidden_cosine_visual_prompt_relative_vll,risk_visual_prompt_relative_vll_cost_sbar+target_visual_prompt_hidden_cosine_visual_prompt_relative_vll
qwen2_5_vl_7b,vp_combo_cap085,tbar,0.9471072379569111,0.9294871794871795,sbar,0.9350036310820625,0.9120521172638436,-0.012103606874848571,risk_visual_prompt_relative_vll_cost_tbar_capped_topmass_085+target_visual_prompt_hidden_cosine_visual_prompt_relative_vll_capped_topmass_085,risk_visual_prompt_relative_vll_cost_sbar_capped_topmass_085+target_visual_prompt_hidden_cosine_visual_prompt_relative_vll_capped_topmass_085
internvl_2_5_8b,visual_risk_raw,geo,0.8878140498119788,0.9331259720062208,sbar,0.8845441168456047,0.9329073482428115,-0.0032699329663740118,risk_relative_vll_cost_geo,risk_relative_vll_cost_sbar
internvl_2_5_8b,visual_risk_cap085,tbar,0.8772412665540357,0.9426356589147287,tbar,0.8812196849964575,0.9400630914826499,0.0039784184424218605,risk_relative_vll_cost_tbar_capped_topmass_085,risk_relative_vll_cost_tbar_capped_topmass_085
internvl_2_5_8b,vp_risk_raw,tbar,0.9429669191781569,0.9511811023622048,tbar,0.9246552945664614,0.9438202247191011,-0.018311624611695443,risk_visual_prompt_relative_vll_cost_tbar,risk_visual_prompt_relative_vll_cost_tbar
internvl_2_5_8b,vp_risk_cap085,tbar,0.9284157174777917,0.9481946624803768,sbar,0.9187694152269877,0.9409937888198758,-0.009646302250803984,risk_visual_prompt_relative_vll_cost_tbar_capped_topmass_085,risk_visual_prompt_relative_vll_cost_sbar_capped_topmass_085
internvl_2_5_8b,visual_combo_raw,geo,0.9589895907133904,0.9572107765451664,sbar,0.9497792795247697,0.9505582137161085,-0.009210311188620701,risk_relative_vll_cost_geo+target_visual_hidden_cosine_relative_vll,risk_relative_vll_cost_sbar+target_visual_hidden_cosine_relative_vll
internvl_2_5_8b,visual_combo_cap085,geo,0.9532672080222354,0.9540412044374009,tbar,0.9338111068723092,0.94375,-0.01945610114992624,risk_relative_vll_cost_geo_capped_topmass_085+target_visual_hidden_cosine_relative_vll_capped_topmass_085,risk_relative_vll_cost_tbar_capped_topmass_085+target_visual_hidden_cosine_relative_vll_capped_topmass_085
internvl_2_5_8b,vp_combo_raw,tbar,0.959752575072211,0.9554140127388535,sbar,0.9399694806256471,0.9546165884194053,-0.019783094446563898,risk_visual_prompt_relative_vll_cost_tbar+target_visual_prompt_hidden_cosine_visual_prompt_relative_vll,risk_visual_prompt_relative_vll_cost_sbar+target_visual_prompt_hidden_cosine_visual_prompt_relative_vll
internvl_2_5_8b,vp_combo_cap085,tbar,0.9525587225461878,0.9523809523809523,geo,0.9408959616327864,0.9529780564263323,-0.011662760913401349,risk_visual_prompt_relative_vll_cost_tbar_capped_topmass_085+target_visual_prompt_hidden_cosine_visual_prompt_relative_vll_capped_topmass_085,risk_visual_prompt_relative_vll_cost_geo_capped_topmass_085+target_visual_prompt_hidden_cosine_visual_prompt_relative_vll_capped_topmass_085
llava_1_5_7b,visual_risk_raw,geo,0.8176470588235294,0.7464788732394366,sbar,0.7860784313725491,0.7074829931972789,-0.031568627450980324,risk_relative_vll_cost_geo,risk_relative_vll_cost_sbar
llava_1_5_7b,visual_risk_cap085,tbar,0.8194117647058823,0.7412587412587412,sbar,0.7837254901960785,0.7338129496402878,-0.03568627450980377,risk_relative_vll_cost_tbar_capped_topmass_085,risk_relative_vll_cost_sbar_capped_topmass_085
llava_1_5_7b,vp_risk_raw,sbar,0.7947058823529412,0.6716417910447762,geo,0.7988235294117646,0.6956521739130435,0.004117647058823448,risk_visual_prompt_relative_vll_cost_sbar,risk_visual_prompt_relative_vll_cost_geo
llava_1_5_7b,vp_risk_cap085,tbar,0.7994117647058823,0.7552447552447552,tbar,0.788235294117647,0.7083333333333334,-0.011176470588235232,risk_visual_prompt_relative_vll_cost_tbar_capped_topmass_085,risk_visual_prompt_relative_vll_cost_tbar_capped_topmass_085
llava_1_5_7b,visual_combo_raw,tbar,0.8525490196078431,0.7769784172661871,geo,0.8462745098039216,0.7814569536423841,-0.006274509803921524,risk_relative_vll_cost_tbar+target_visual_hidden_cosine_relative_vll,risk_relative_vll_cost_geo+target_visual_hidden_cosine_relative_vll
llava_1_5_7b,visual_combo_cap085,sbar,0.8188235294117646,0.7205882352941176,geo,0.8456862745098039,0.75,0.02686274509803932,risk_relative_vll_cost_sbar_capped_topmass_085+target_visual_hidden_cosine_relative_vll_capped_topmass_085,risk_relative_vll_cost_geo_capped_topmass_085+target_visual_hidden_cosine_relative_vll_capped_topmass_085
llava_1_5_7b,vp_combo_raw,geo,0.842156862745098,0.7407407407407407,sbar,0.8384313725490196,0.7090909090909091,-0.0037254901960784848,risk_visual_prompt_relative_vll_cost_geo+target_visual_prompt_hidden_cosine_visual_prompt_relative_vll,risk_visual_prompt_relative_vll_cost_sbar+target_visual_prompt_hidden_cosine_visual_prompt_relative_vll
llava_1_5_7b,vp_combo_cap085,tbar,0.831764705882353,0.7692307692307693,sbar,0.852156862745098,0.7692307692307693,0.020392156862745092,risk_visual_prompt_relative_vll_cost_tbar_capped_topmass_085+target_visual_prompt_hidden_cosine_visual_prompt_relative_vll_capped_topmass_085,risk_visual_prompt_relative_vll_cost_sbar_capped_topmass_085+target_visual_prompt_hidden_cosine_visual_prompt_relative_vll_capped_topmass_085
